{"train_loss": [2.3005381444295248, 2.3005381444295248, 2.3005381444295248, 2.3005381444295248, 2.3005381444295248, 2.3005381444295248, 2.3005381444295248, 2.3005381444295248, 2.3005381444295248, 2.3005381444295248], "train_acc": [10.442592592592593, 10.433333333333334, 10.433333333333334, 10.437037037037037, 10.433333333333334, 10.438888888888888, 10.437037037037037, 10.433333333333334, 10.438888888888888, 10.431481481481482], "val_loss": [0.035690065741539004, 0.035690065741539004, 0.035690065741539004, 0.035690065741539004, 0.035690065741539004, 0.035690065741539004, 0.035690065741539004, 0.035690065741539004, 0.035690065741539004, 0.035690065741539004], "val_acc": [10.316666666666666, 10.366666666666667, 10.25, 10.3, 10.283333333333333, 10.333333333333334, 10.283333333333333, 10.3, 10.3, 10.333333333333334], "test_loss": [0.0023025848865509033, 0.0023025848865509033, 0.0023025848865509033, 0.0023025848865509033, 0.0023025848865509033, 0.0023025848865509033, 0.0023025848865509033, 0.0023025848865509033, 0.0023025848865509033, 0.0023025848865509033], "test_acc": [10.28, 10.28, 10.28, 10.28, 10.28, 10.28, 10.28, 10.28, 10.28, 10.28]}