{"train_loss": [2.0711208400902925, 1.8207665580290335, 1.7285073977929575, 1.671659125442858, 1.6115197232475986, 1.5616936646125934, 1.5284685439533658, 1.506133520382422, 1.493620640039444, 1.487823702008636], "train_acc": [20.985185185185184, 21.27962962962963, 23.624074074074073, 26.498148148148147, 36.69074074074074, 40.266666666666666, 42.714814814814815, 44.36851851851852, 45.55740740740741, 46.45740740740741], "val_loss": [0.018892555892467498, 0.017520489831765493, 0.016931009471416472, 0.016288591325283052, 0.01575255239009857, 0.015273226062456766, 0.015153984685738881, 0.01493624629577001, 0.014847939531008403, 0.014740892310937245], "val_acc": [21.616666666666667, 22.35, 22.033333333333335, 35.166666666666664, 39.46666666666667, 42.416666666666664, 45.45, 46.983333333333334, 47.666666666666664, 47.166666666666664], "test_loss": [0.0018870408058166504, 0.0017505857944488524, 0.0016916333436965943, 0.00162641681432724, 0.0015721617579460144, 0.0015243994116783141, 0.001510641586780548, 0.0014890078663825988, 0.001481031608581543, 0.0014697702169418334], "test_acc": [21.19, 22.55, 22.46, 35.94, 40.34, 43.45, 46.72, 47.78, 48.85, 48.23]}