{"train_loss": [2.0838010991061173, 1.8473860402901967, 1.7645679571010449, 1.7154590222570631, 1.6604411487226134, 1.6127794716093276, 1.5819727575337446, 1.5612709716514306, 1.549078497842506, 1.544725987204799], "train_acc": [20.387037037037036, 21.04074074074074, 22.612962962962964, 24.52037037037037, 31.083333333333332, 34.97037037037037, 38.21851851851852, 39.983333333333334, 40.69814814814815, 41.24629629629629], "val_loss": [0.019110459049542745, 0.01769603725274404, 0.01718240914742152, 0.016552709480126698, 0.016195969462394714, 0.015677810192108153, 0.015434943675994873, 0.015218134661515554, 0.015237333635489146, 0.015074674248695373], "val_acc": [21.483333333333334, 24.133333333333333, 21.616666666666667, 27.283333333333335, 38.11666666666667, 39.1, 42.3, 41.25, 41.43333333333333, 41.05], "test_loss": [0.0019117000102996827, 0.0017694050669670104, 0.0017151712775230407, 0.0016535423398017883, 0.001617612111568451, 0.0015653799533843994, 0.0015398095846176148, 0.0015188598036766053, 0.0015211232423782348, 0.0015041045665740967], "test_acc": [21.26, 24.02, 21.96, 27.73, 39.14, 40.17, 43.05, 42.16, 42.1, 41.91]}